Price,Source Site
£950pm,Gumtree
£780pm,Gumtree
£700pm,Gumtree
"£1,200pm",Gumtree
£275pw,Gumtree
£800pm,Gumtree
£950pm,Gumtree
"£1,200pm",Gumtree
£525pm,Gumtree
£950pm,Gumtree
"£1,100pm",Gumtree
"£1,000pm",Gumtree
£939pm,Gumtree
£600pm,Gumtree
"£1,100pm",Gumtree
£950pm,Gumtree
£950pm,Gumtree
£950pm,Gumtree
"£1,300pm",Gumtree
£950pm,Gumtree
"£1,200pm",Gumtree
£850pm,Gumtree
"£1,050pm",Gumtree
£255pw,Gumtree
£160pw,Gumtree
"£1,100pm",Gumtree
"£1,100pm",Gumtree
"£1,300pm",Gumtree
£795pm,Gumtree
£600pm,Gumtree
"£1,095pm",Gumtree
"£1,050pm",Gumtree
"£1,295pm",Gumtree
£900pm,Gumtree
"£1,195pm",Gumtree
£895pm,Gumtree
"£1,195pm",Gumtree
£850pm,Gumtree
£795pm,Gumtree
£995pm,Gumtree
£895pm,Gumtree
£277pw,Gumtree
£300pw,Gumtree
£900pm,Gumtree
£750pm,Gumtree
"£1,200pm",Gumtree
"£1,100pm",Gumtree
£298pw,Gumtree
£400pm,Gumtree
£276pw,Gumtree
£252pw,Gumtree
"£1,200pm",Gumtree
"£1,300pm",Gumtree
"£1,250pm",Gumtree
"£1,295pm",Gumtree
"£1,050pm",Gumtree
£850pm,Gumtree
£800pm,Gumtree
"£1,000pm",Gumtree
"£1,300pm",Gumtree
£20pw,Gumtree
£400pm,Gumtree
£999pm,Gumtree
£899pm,Gumtree
"£1,100pm",Gumtree
"£1,300pm",Gumtree
£750pm,Gumtree
"£1,295pm",Gumtree
"£1,100pm",Gumtree
£790pm,Gumtree
"£1,000pm",Gumtree
"£1,100pm",Gumtree
£800pm,Gumtree
"£1,000pm",Gumtree
"£1,150pm",Gumtree
£800pm,Gumtree
"£1,250pm",Gumtree
"£1,300pm",Gumtree
£900pm,Gumtree
£900pm,Gumtree
£900pm,Gumtree
£900pm,Gumtree
£900pm,Gumtree
